{
  "accuracy": 0.6374581939799331,
  "macro_f1": 0.634855801792597,
  "per_class_f1": {
    "negative": 0.716566866267465,
    "neutral": 0.4921793534932221,
    "positive": 0.6958211856171039
  }
}